,Rating,name,age,position1,Apps,Mins,Goals,Assists,SpG,KeyP,Drb,Fouled,Off,Disp,UnsTch
0,7.63,Kevin De Bruyne Man City,31, M(CLR),25(5),2205,15,8,2.6,2.9,1.0,0.9,0.1,0.7,1.3
1,7.54,Mohamed Salah Liverpool,30, AM(CLR),30(5),2763,23,13,4.0,1.8,1.5,0.7,0.3,2.3,2.8
2,7.52,Trent Alexander-Arnold Liverpool,23, D(R),32,2854,2,12,1.6,2.8,0.6,0.2,0.3,0.6,1.3
3,7.51,Son Heung-Min Tottenham,30, M(CLR),35,3021,23,7,2.5,2.1,1.5,1,0.5,1.3,2.1
4,7.46,Kenedy Chelsea,26, D(L),1,59,-,1,1.0,2.0,1.0,-,-,3.0,2.0
5,7.45,Harry Kane Tottenham,29, AM(C),36(1),3232,17,9,3.6,1.4,1.5,1.5,0.4,1.6,2.6
6,7.44,Luis Díaz Liverpool,25, AM(L),11(2),964,4,3,2.9,1.5,2.4,1.1,0.2,2.0,2.1
7,7.43,Rodri Man City,26, DMC,33,2887,7,2,1.4,0.9,0.4,0.6,-,0.7,0.5
8,7.42,Ben Chilwell Chelsea,25, D(L),6(1),541,3,1,1.9,1.4,0.4,2.1,0.3,0.4,1.9
9,7.42,João Cancelo Man City,28, D(LR),36,3228,1,7,2.3,1.1,1.6,0.7,0.1,0.7,1.3
10,7.38,Kieran Trippier Newcastle,31, D(LR),5(1),430,2,-,0.3,1.2,0.2,0.5,-,0.2,0.2
11,7.37,Christian Eriksen Brentford,30, M(CLR),10(1),938,1,4,2,2.7,0.7,0.3,-,0.8,1.6
12,7.36,Joël Matip Liverpool,31, D(C),31,2790,3,3,1.1,0.4,0.3,0.4,-,0.2,0.4
13,7.3,Sadio Mané Liverpool,30, AM(CLR),32(2),2825,16,2,2.9,1.2,1.4,1.5,0.6,1.7,3.1
14,7.29,Phil Foden Man City,22, AM(CLR),24(4),2133,9,5,2,1.4,1.3,0.8,0.5,1.2,1.7
15,7.28,Ivan Toney Brentford,26, FW,32(1),2908,12,5,2.7,1.3,0.7,2.4,0.8,1.3,3.3
16,7.27,Bernardo Silva Man City,28, M(CLR),33(2),2861,8,4,1.3,1.7,1.5,0.9,0.3,0.7,1.5
17,7.25,Danny Ward Leicester,29, GK,1,90,-,-,-,-,-,-,-,-,-
18,7.24,Rodrigo Bentancur Tottenham,25, M(C),16(1),1367,-,4,0.8,0.9,0.8,0.8,-,0.8,0.7
19,7.24,Reece James Chelsea,22, D(CR),22(4),1868,5,9,1.4,1.8,1.4,1.2,0.2,0.8,1
20,7.24,Ilkay Gündogan Man City,31, M(C),20(7),1856,8,4,2.0,1.4,0.9,0.4,0.1,0.7,0.9
21,7.23,Ferran Torres Man City,22, AM(LR),4,305,2,1,3.3,0.3,1.0,0.3,0.3,0.5,1.0
22,7.23,Andrew Robertson Liverpool,28, D(L),29,2541,3,10,0.6,1.9,0.4,0.3,0.1,0.5,0.8
23,7.2,Raheem Sterling Man City,27, M(CLR),23(7),2127,13,5,1.9,1.4,1.8,1.2,0.3,1.8,2.1
24,7.19,Gabriel Jesus Man City,25, AM(LR),21(7),1880,8,8,2.3,1.4,1.6,0.9,0.4,1.0,2.4
25,7.19,Dejan Kulusevski Tottenham,22, AM(CR),14(4),1267,5,8,1.4,1.4,1.4,0.8,0.2,1.0,2.1
26,7.19,Mason Mount Chelsea,23, M(CLR),27(5),2365,11,10,2.4,1.8,0.6,0.7,0.2,1.1,2.2
27,7.18,Virgil van Dijk Liverpool,31, D(C),34,3060,3,1,1.0,0.3,0.2,0.2,-,0.1,0.1
28,7.17,John McGinn Aston Villa,27, M(C),35,3092,3,4,1.2,1.5,1.3,2.3,-,0.8,1.4
29,7.16,Jack Grealish Man City,26, AM(CL),22(4),1917,3,3,1.7,2.0,1.5,2.1,0.2,1.1,1.2
30,7.16,Zack Steffen Man City,27, GK,1,90,-,-,-,-,-,-,-,-,-
31,7.16,Pierre-Emile Højbjerg Tottenham,27, M(C),36,3199,2,2,0.9,0.7,1.2,1.1,-,0.6,0.9
32,7.14,Jarrod Bowen West Ham,25, AM(CLR),34(2),2993,12,10,2.2,1.1,1.4,1.2,0.4,1.4,1.8
33,7.11,Cristiano Ronaldo Man Utd,37, M(L),27(3),2459,18,3,3.7,0.9,0.7,0.6,1.1,1,1.7
34,7.1,John Stones Man City,28, D(CR),12(2),1118,1,-,0.6,0.3,0.6,0.4,-,0.1,0.3
35,7.1,Declan Rice West Ham,23, D(C),35(1),3178,1,4,0.7,0.7,1.4,0.3,-,0.6,0.7
36,7.1,Thiago Liverpool,31, M(C),17(8),1538,1,4,1,1.2,0.8,0.5,-,0.5,0.6
37,7.1,Marcos Alonso Chelsea,31, D(CL),25(3),2173,4,4,1.5,1.5,0.5,1,0.1,0.9,1.5
38,7.09,Allan Saint-Maximin Newcastle,25, AM(CLR),31(4),2812,5,5,1.8,1.4,4.3,1.4,0.4,2.6,3.4
39,7.09,Conor Gallagher Crystal Palace,22, AM(C),33(1),2851,8,3,1.5,1.1,1.3,1.9,0.1,1.5,1.8
40,7.09,Diogo Jota Liverpool,25, AM(CLR),27(8),2373,15,4,2.6,1.1,0.8,1.1,0.1,0.9,1.8
41,7.08,Thiago Silva Chelsea,37, D(C),28(4),2651,3,-,0.6,0.2,0.2,0.4,-,0.1,0.2
42,7.07,Moisés Caicedo Brighton,20, M(C),8,664,1,1,1.3,0.5,0.9,1.4,0.1,1.3,1.3
43,7.06,Bukayo Saka Arsenal,20, D(L),36(2),2996,11,7,2.6,1.8,1.1,1.6,0.4,1.2,2.2
44,7.06,James Maddison Leicester,25, AM(CLR),28(7),2468,12,8,2.1,1.4,0.9,1.8,0.1,0.9,1.2
45,7.05,Mateo Kovacic Chelsea,28, M(CL),16(9),1557,2,5,0.9,1.1,1.5,0.8,-,0.9,0.7
46,7.05,Oleksandr Zinchenko Man City,25, D(L),10(5),1045,-,4,0.8,1.1,0.5,0.1,0.1,0.4,0.7
47,7.04,Kostas Tsimikas Liverpool,26, D(L),9(4),874,-,2,0.6,1.9,0.6,0.5,-,0.4,0.6
48,7.04,Bruno Guimarães Newcastle,24, DMC,11(6),1034,5,1,1.4,0.7,1.3,2.1,0.2,1.7,1.4
49,7.03,Bruno Fernandes Man Utd,27, M(CLR),35(1),3120,10,6,2.5,2.5,0.7,1.3,0.1,1.1,1.3
50,7.03,Trevoh Chalobah Chelsea,23, D(CR),17(3),1451,3,1,0.5,0.2,0.5,0.7,-,0.4,0.5
51,7.02,Caoimhín Kelleher Liverpool,23, GK,2,180,-,-,-,-,-,0.5,-,-,-
52,7.02,Kepa Arrizabalaga Chelsea,27, GK,4,360,-,-,-,-,-,0.3,-,-,-
53,7.01,James Ward-Prowse Southampton,27, M(CR),36,3217,10,5,1.5,2,0.3,0.4,-,0.7,0.6
54,7.01,Toti Wolves,23, D(C),4,360,-,-,0.3,-,1.3,0.8,0.3,0.5,0.8
55,7.01,N'Golo Kanté Chelsea,31, DMC,21(5),1778,2,4,0.7,0.9,1.3,0.4,-,1.1,1.3
56,7.0,Fabinho Liverpool,28, D(CR),26(3),2316,5,1,0.7,0.6,0.4,1.0,-,0.4,0.8
57,7.0,Christian Nørgaard Brentford,28, D(C),35,3059,3,4,0.8,0.8,0.5,0.9,-,0.7,0.7
58,7.0,Riyad Mahrez Man City,31, AM(CLR),15(13),1493,11,5,2.2,1.4,0.9,0.5,0.1,0.8,1.5
59,7.0,Paul Pogba Man Utd,29, M(CL),16(4),1355,1,9,1.6,1.2,2,1.5,-,1.4,2.1
60,6.99,Yves Bissouma Brighton,25, M(C),25(1),2117,1,2,0.8,0.3,1.3,0.7,-,1,1.2
61,6.99,Matt Targett Newcastle,26, D(L),16,1440,-,-,0.4,1.2,0.6,0.8,0.1,0.3,0.8
62,6.99,Wilfried Zaha Crystal Palace,29, AM(LR),31(2),2761,14,1,2.1,1.4,2.3,3.1,0.7,3.3,3.8
63,6.98,Mason Greenwood Man Utd,20, AM(R),16(2),1281,5,1,2.7,0.9,1.8,0.9,0.2,0.9,1.4
64,6.98,Dan Burn Newcastle,30, D(CL),16,1440,-,1,0.7,0.3,-,0.4,0.3,0.2,0.3
65,6.97,Ethan Pinnock Brentford,29, D(C),32,2698,1,1,0.5,0.3,0.3,0.4,-,0.2,0.4
66,6.97,James Tarkowski Burnley,29, D(C),35,3107,1,2,0.6,0.3,0.1,0.5,0.1,0.1,0.4
67,6.97,Tomás Soucek West Ham,27, DMC,34(1),3062,5,1,1.3,0.6,0.3,0.5,0.1,0.5,1.1
68,6.97,Kristoffer Klaesson Leeds,21, Goalkeeper,0(1),35,-,-,-,-,-,-,-,-,-
69,6.97,Rayan Aït-Nouri Wolves,21, D(L),20(3),1828,1,2,0.6,0.7,1.8,0.9,0.1,1.2,1.9
70,6.97,Jorginho Chelsea,30, DMC,26(3),2279,6,2,0.6,0.9,0.6,1.3,-,0.7,0.8
71,6.96,Raphinha Leeds,25, AM(LR),34(1),2923,11,3,2.5,1.9,1.8,1.3,0.4,1.0,2.8
72,6.96,Matt Doherty Tottenham,30, D(LR),9(6),874,2,4,1.1,1.0,0.4,0.3,-,0.4,1.1
73,6.96,Richarlison Everton,25, AM(CLR),28(2),2528,10,5,2.4,1.0,1.3,2.3,0.7,1.8,3.1
74,6.96,Philippe Coutinho Aston Villa,30, M(CLR),16(3),1339,5,3,2.3,1.3,1.1,1.1,0.2,1.1,1.8
75,6.96,Thomas Partey Arsenal,29, D(R),23(1),2032,2,1,1.8,0.7,1.5,0.7,-,0.7,1.4
76,6.96,Dwight McNeil Burnley,22, AM(CLR),35(3),3114,-,1,1.4,1.2,2.4,0.9,-,1.3,2.1
77,6.95,Sergio Reguilón Tottenham,25, D(L),22(3),1923,2,3,0.8,1.2,0.8,1.0,-,0.5,1.2
78,6.95,Rúben Dias Man City,25, D(C),27(2),2404,2,4,0.6,0.5,0.1,0.3,0.1,0.1,0.3
79,6.94,Marc Cucurella Brighton,24, D(CL),35,3092,1,1,0.5,1.2,0.8,0.9,0.1,0.4,1.1
80,6.94,Jamie Vardy Leicester,35, AM(L),20(5),1806,15,2,2.2,0.7,0.4,0.5,0.8,0.3,1
81,6.94,Adama Traoré Wolves,26, M(CLR),10(10),1065,1,-,1.2,0.9,4.2,1.3,0.5,1.5,2.3
82,6.94,Lucas Digne Aston Villa,29, D(CL),16,1272,-,4,0.6,1.9,0.2,1,0.2,0.8,0.8
83,6.93,Wilfred Ndidi Leicester,25, D(C),18(1),1619,-,-,0.7,0.1,0.6,1.2,0.1,0.8,1.3
84,6.92,Cristian Romero Tottenham,24, D(C),21(1),1846,1,-,0.3,0.3,0.4,0.7,0.1,0.2,0.6
85,6.92,Hakim Ziyech Chelsea,29, M(CLR),14(9),1317,4,3,2.3,1.3,1.2,1.3,0.2,1,2
86,6.92,Jason Steele Brighton,32, GK,1,90,-,-,-,-,-,-,-,-,-
87,6.92,Ben Mee Burnley,32, D(CL),21,1840,3,-,0.9,0.2,0.2,0.3,0.1,-,0.2
88,6.92,Nathan Aké Man City,27, D(CL),10(4),921,2,-,0.4,0.1,-,0.1,-,0.2,0.3
89,6.92,Dominic Calvert-Lewin Everton,25, AM(L),15(2),1286,5,2,1.9,0.6,0.1,0.9,0.2,0.8,2.9
90,6.92,Michail Antonio West Ham,32, D(R),34(2),2981,10,8,2.3,1.3,1.4,1.4,0.4,2,3.8
91,6.91,Aaron Wan-Bissaka Man Utd,24, D(R),20,1794,-,-,0.3,0.7,1.8,0.7,0.1,0.7,1.2
92,6.91,Matty Cash Aston Villa,25, D(R),38,3380,4,3,1,0.7,0.9,1,0.1,0.8,1.5
93,6.91,Ricardo Pereira Leicester,28, D(LR),13(1),994,1,3,0.7,0.7,0.8,1.1,-,0.4,0.9
94,6.91,Martin Ødegaard Arsenal,23, AM(CR),32(4),2793,7,4,1.5,2.1,0.7,0.6,0.1,1.3,1.1
95,6.9,Andreas Christensen Chelsea,26, D(C),17(2),1496,-,-,0.3,0.3,0.2,0.4,-,0.1,0.2
96,6.9,Aymeric Laporte Man City,28, D(CL),33,2836,4,-,1.1,0.3,0.2,0.3,0.1,0.2,0.1
97,6.9,Neco Williams Liverpool,21, D(R),0(1),7,-,1,-,1.0,1.0,-,-,-,-
98,6.9,Ollie Watkins Aston Villa,26, AM(LR),33(2),2955,11,2,2.2,1.0,1.1,1.1,0.5,1.5,2.5
99,6.9,Leandro Trossard Brighton,27, M(CLR),32(2),2812,8,3,2.2,1.4,1.6,0.8,0.4,2.1,2.7
100,6.9,Youri Tielemans Leicester,25, M(C),29(3),2634,6,4,1.8,1.2,0.8,1.1,-,0.9,1.4
101,6.89,Scott McTominay Man Utd,25, D(C),28(2),2393,1,1,0.9,0.8,1.2,1.1,-,1.1,1.5
102,6.89,Alex Telles Man Utd,29, D(L),18(3),1660,-,4,0.5,1.2,0.6,0.4,-,0.5,0.7
103,6.89,Nathan Collins Burnley,21, D(CR),18(1),1670,2,-,0.8,0.3,0.3,0.6,0.2,0.2,0.5
104,6.89,Ibrahima Konaté Liverpool,23, D(C),11,990,-,-,0.4,-,0.2,0.3,-,0.1,0.4
105,6.89,Emmanuel Dennis Watford,24, M(LR),30(3),2591,10,6,1.8,1,2.1,1.2,0.4,1.9,3.2
106,6.88,Shane Duffy Brighton,30, D(C),15(3),1434,1,-,1.2,0.2,0.1,0.3,0.1,-,0.4
107,6.88,Alisson Liverpool,29, GK,36,3240,-,1,-,-,-,0.1,-,-,-
108,6.87,Maximilian Kilman Wolves,25, D(C),30,2689,1,-,0.4,0.1,0.6,0.4,-,0.2,0.7
109,6.87,Ruben Loftus-Cheek Chelsea,26, M(CLR),13(11),1388,-,2,0.8,0.8,1.8,1.7,0.1,1.4,1.1
110,6.87,Wesley Fofana Leicester,21, D(C),7,630,-,-,0.4,0.3,0.4,1.0,-,0.3,0.7
111,6.87,Antonio Rüdiger Chelsea,29, D(CR),34,3035,3,-,1.4,0.4,0.2,0.4,-,0.2,0.6
112,6.87,Emerson Royal Tottenham,23, D(R),26(5),2291,1,1,0.5,0.9,0.5,1.5,0.1,0.6,0.9
113,6.87,Fred Man Utd,29, M(C),24(4),2036,4,4,0.5,1.0,0.8,1.1,-,0.9,1.5
114,6.87,Oriol Romeu Southampton,30, DMC,34(2),2899,2,2,0.7,1.0,0.8,0.7,-,0.4,1.2
115,6.87,Davinson Sánchez Tottenham,26, D(C),17(6),1626,2,-,0.6,0.2,0.2,0.5,-,0.1,0.4
116,6.87,Romain Saïss Wolves,32, D(C),31,2709,2,-,0.6,0.2,0.2,0.5,0.1,0.2,0.3
117,6.87,Jordan Henderson Liverpool,32, D(C),29(6),2604,2,5,0.9,1.1,0.5,0.2,0.1,0.3,0.8
118,6.86,Hassane Kamara Watford,28, D(L),18(1),1625,1,-,0.3,0.5,0.8,0.8,-,0.3,0.8
119,6.86,Liam Cooper Leeds,30, D(C),21,1815,-,1,0.3,0.2,0.1,0.4,0.1,-,0.4
120,6.86,Josh Brownhill Burnley,26, M(CR),32(3),2953,2,3,0.8,1.1,0.4,0.6,-,0.5,1.1
121,6.86,Curtis Jones Liverpool,21, AM(C),10(5),856,1,1,1.3,0.7,1.7,1.3,0.1,1.2,1.1
122,6.86,Saïd Benrahma West Ham,27, AM(CLR),26(6),2184,8,6,2,1.0,1.2,0.5,0.3,0.9,1.9
123,6.86,Gabriel Martinelli Arsenal,21, AM(L),21(8),1866,6,6,1.8,1.2,1.6,0.7,0.3,1.2,2.0
124,6.86,Diogo Dalot Man Utd,23, D(LR),19(5),1799,-,-,0.5,0.7,0.7,0.2,-,0.3,1.0
125,6.85,Rúben Neves Wolves,25, DMC,31(2),2663,4,2,1.3,0.8,0.8,0.4,-,0.5,1.0
126,6.85,Kai Havertz Chelsea,23, M(CR),22(7),1816,8,3,1.9,0.7,0.6,0.9,0.4,1.1,2.3
127,6.85,Roberto Firmino Liverpool,30, M(CLR),10(10),987,5,4,1.5,0.8,0.9,0.3,0.2,1.3,1.7
128,6.84,José Sá Wolves,29, GK,37,3286,-,1,-,0.1,0.1,0.3,-,-,0.1
129,6.84,Kyle Walker-Peters Southampton,25, D(LR),29(3),2632,1,2,0.8,0.8,2.0,1.5,0.1,1.3,1.3
130,6.83,James McArthur Crystal Palace,34, M(CLR),15(6),1438,-,3,0.4,0.8,1,1.0,0.1,0.7,1
131,6.83,Takehiro Tomiyasu Arsenal,23, D(CR),20(1),1682,-,1,0.5,0.6,0.4,0.6,-,0.6,1.3
132,6.82,Mohammed Salisu Southampton,23, D(CL),33(1),2972,-,-,0.7,0.3,0.4,0.2,0.1,0.3,0.5
133,6.82,Joelinton Newcastle,26, AM(CLR),30(5),2559,4,1,1.3,0.8,1.1,0.9,0.1,1.7,2.4
134,6.82,Lucas Moura Tottenham,30, AM(CLR),19(15),1774,2,6,1.1,1.0,1.6,1.1,0.1,1,1.7
135,6.82,César Azpilicueta Chelsea,32, D(CLR),24(3),2075,1,2,0.4,0.6,0.6,0.2,0.1,0.4,0.8
136,6.82,Charlie Taylor Burnley,28, D(CL),30(1),2731,-,3,0.2,0.7,0.9,1.4,-,0.5,1
137,6.82,Nélson Semedo Wolves,28, D(LR),25,2137,-,1,0.8,0.7,1.6,1.0,0.2,1.1,2
138,6.82,Nick Pope Burnley,30, GK,36,3240,-,-,-,0.1,-,0.1,-,-,-
139,6.82,Romelu Lukaku Chelsea,29, AM(R),16(10),1586,8,-,1.7,0.9,0.5,0.5,0.5,1,1.4
140,6.82,Ross Barkley Chelsea,28, M(CLR),1(5),176,1,-,1.5,1.3,1.2,0.7,-,1.2,0.5
141,6.81,Jan Bednarek Southampton,26, D(C),30(1),2633,4,-,0.6,0.2,-,0.5,-,0.1,0.2
142,6.8,Dan Burn Brighton,30, D(CL),12(1),1023,1,-,0.5,0.2,-,-,-,0.1,0.5
143,6.8,Pablo Fornals West Ham,26, M(CLR),32(4),2804,6,3,1.2,1.3,0.6,0.8,0.2,0.8,1.3
144,6.8,David Raya Brentford,26, GK,24,2160,-,-,-,-,-,0.1,-,-,0.1
145,6.8,Joël Veltman Brighton,30, D(CR),33(1),2881,1,1,0.4,0.5,0.5,1.1,-,0.3,0.8
146,6.8,Lucas Digne Everton,29, D(CL),13,1170,-,-,0.7,1.7,0.6,0.7,-,0.5,0.7
147,6.79,Calum Chambers Aston Villa,27, D(CR),9(2),829,1,-,0.3,0.2,-,0.2,-,0.1,0.3
148,6.79,Naby Keïta Liverpool,27, M(C),14(9),1175,3,1,1.1,0.7,0.7,0.4,-,0.4,1.3
149,6.79,Pascal Groß Brighton,31, M(CR),24(5),2043,2,4,0.8,2.1,0.3,0.2,0.1,0.5,0.9
150,6.79,Harvey Barnes Leicester,24, AM(CL),24(8),2107,6,10,2.1,0.9,1,0.6,0.3,1.3,1.8
151,6.79,Hugo Lloris Tottenham,35, GK,38,3420,-,-,-,0.1,-,0.1,-,-,0.1
152,6.78,João Pedro Watford,20, AM(L),15(13),1639,3,1,1.7,0.7,2.2,1.1,0.2,2.1,2.3
153,6.78,Stuart Dallas Leeds,31, D(LR),34,2929,1,1,0.9,0.9,0.9,0.9,0.1,0.7,1.1
154,6.78,Raphaël Varane Man Utd,29, D(C),20(2),1829,1,1,0.4,0.2,0.1,0.3,-,-,0.3
155,6.78,Demarai Gray Everton,26, AM(CLR),28(6),2352,5,4,1.9,1.2,1.6,0.9,0.1,1.1,2.1
156,6.78,Ben Davies Tottenham,29, D(CL),28(1),2540,1,1,0.6,0.4,0.2,0.6,0.2,0.3,0.8
157,6.78,Ben White Arsenal,24, D(CR),32,2880,-,-,0.4,0.4,0.3,0.8,-,0.3,0.6
158,6.77,Douglas Luiz Aston Villa,24, M(C),31(3),2720,2,3,0.7,1.1,0.7,1.2,-,0.5,1.5
159,6.77,Marc Guéhi Crystal Palace,22, D(C),36,3223,2,1,0.5,0.2,0.3,0.9,-,0.2,0.4
160,6.77,Daniel Podence Wolves,26, AM(CLR),15(11),1486,2,3,1.3,1.4,1.3,1.0,0.1,1.3,1.3
161,6.77,Callum Hudson-Odoi Chelsea,21, M(CLR),11(4),966,1,2,1.2,1.7,1.1,1.1,0.3,1.3,1.5
162,6.77,Malang Sarr Chelsea,23, D(CL),6(2),546,-,-,0.1,0.4,-,0.1,-,0.3,0.8
163,6.77,Jacob Ramsey Aston Villa,21, AM(C),29(5),2477,6,1,1,0.6,0.9,1.3,-,1.1,1.7
164,6.77,Kieran Tierney Arsenal,25, D(CL),22,1919,1,3,0.7,0.9,0.4,0.7,-,0.4,0.8
165,6.77,Eric Dier Tottenham,28, D(CR),35,3072,-,-,0.4,0.2,-,0.3,-,0.1,0.1
166,6.76,Pontus Jansson Brentford,31, D(C),37,3322,3,1,0.6,0.1,0.1,0.2,0.1,0.1,0.3
167,6.76,Lukasz Fabianski West Ham,37, GK,37,3330,-,-,-,-,-,0.2,-,-,-
168,6.76,Jonny Wolves,28, D(CLR),10(3),1023,2,-,0.8,0.8,1.1,1.2,-,1.5,1.6
169,6.76,Jonny Evans Leicester,34, D(CL),16(2),1350,1,1,0.2,0.2,0.1,0.6,-,-,0.2
170,6.75,Alexis Mac Allister Brighton,23, M(CL),22(11),2118,5,2,1.8,0.9,0.6,1.2,0.1,0.7,1.3
171,6.75,Marçal Wolves,33, D(CL),17(1),1453,-,-,0.6,0.6,0.4,0.5,0.1,0.3,1.4
172,6.75,Tyrick Mitchell Crystal Palace,22, D(L),35(1),3103,-,2,0.1,0.6,0.4,0.4,0.1,0.7,1.3
173,6.75,Aaron Cresswell West Ham,32, D(CL),31,2728,2,3,0.6,1.0,0.3,0.3,0.1,0.1,0.5
174,6.75,Emiliano Buendía Aston Villa,25, M(CLR),22(13),1902,4,6,1.3,1.4,1.1,1.3,0.1,1.2,1.2
175,6.74,Gabriel Magalhães Arsenal,24, D(C),35,3068,5,-,0.8,0.3,0.1,1.1,-,0.1,0.5
176,6.74,Kurt Zouma West Ham,27, D(CR),24,2080,1,-,0.3,0.1,-,0.3,-,-,0.3
177,6.74,Emile Smith Rowe Arsenal,22, AM(CL),21(12),1922,10,2,1.2,0.9,1,0.6,0.1,0.8,1.2
178,6.74,Cheikhou Kouyaté Crystal Palace,32, D(CR),23(4),1978,-,1,0.3,0.2,0.5,0.8,-,0.4,1.1
179,6.74,Çaglar Söyüncü Leicester,26, D(C),28,2498,1,-,0.3,0.1,0.1,0.5,-,0.1,0.3
180,6.74,Pierre-Emerick Aubameyang Arsenal,33, M(CLR),12(2),1040,4,1,2.5,0.6,0.1,0.6,0.7,0.3,1.1
181,6.74,Asmir Begovic Everton,35, GK,3,270,-,-,-,-,-,-,-,-,-
182,6.74,Bryan Mbeumo Brentford,23, AM(LR),34(1),2916,4,7,2.2,1,1.1,1.1,0.4,1.6,2.5
183,6.74,Tyrone Mings Aston Villa,29, D(CL),35(1),3188,1,3,0.6,0.3,0.3,0.7,-,0.1,0.5
184,6.74,Alexandre Lacazette Arsenal,31, M(CLR),20(10),1789,4,7,1.5,1,0.6,1,0.2,1,1.4
185,6.73,Valentino Livramento Southampton,19, D(R),25(3),2203,1,1,0.4,0.7,1.1,1.3,-,0.7,1.9
186,6.73,Lewis Dunk Brighton,30, D(C),29,2574,1,-,0.7,0.1,0.1,0.1,-,0.1,0.4
187,6.73,Kasper Schmeichel Leicester,35, GK,37,3330,-,-,-,-,-,0.1,-,-,0.1
188,6.73,Kristoffer Ajer Brentford,24, D(CR),23(1),1987,1,3,0.3,0.3,0.5,0.7,-,0.3,1
189,6.73,Vitaly Janelt Brentford,24, DMC,27(4),2309,4,-,1,0.7,0.4,0.8,0.1,0.4,1.1
190,6.73,Grant Hanley Norwich,30, D(C),33,2899,1,-,0.6,0.2,-,0.7,0.1,-,0.3
191,6.73,Luke Thomas Leicester,21, D(L),21(1),1912,-,1,0.2,0.5,0.7,0.7,-,0.9,1.5
192,6.73,Jeffrey Schlupp Crystal Palace,29, D(L),20(12),1846,4,1,1.0,0.6,1.1,0.7,-,1,1.3
193,6.72,Abdoulaye Doucouré Everton,29, M(C),29(1),2538,2,4,1.1,0.6,0.7,0.5,-,0.7,1.4
194,6.72,Francisco Sierralta Watford,25, D(C),5,428,-,-,0.2,-,0.4,0.6,-,-,0.2
195,6.72,Joel Ward Crystal Palace,32, D(LR),27(1),2486,-,-,0.4,0.3,0.7,0.8,-,0.6,1.0
196,6.72,Che Adams Southampton,26, AM(CL),23(7),2043,7,3,1.6,0.9,0.7,1.3,0.2,1.1,2.0
197,6.72,Michael Keane Everton,29, D(CR),31(1),2793,3,2,0.6,0.3,0.2,0.2,-,0.1,0.2
198,6.72,Chris Wood Newcastle,30, FW,15(2),1328,2,-,1.2,0.6,0.1,0.6,0.6,0.5,2.6
199,6.72,Adam Webster Brighton,27, D(C),16(6),1432,2,-,0.4,-,0.5,0.2,-,-,0.4
200,6.72,Kyle Walker Man City,32, D(CR),20,1756,-,2,0.4,0.6,0.4,0.6,0.1,0.3,0.8
201,6.71,Matt Targett Aston Villa,26, D(L),17,1434,1,1,0.4,1.2,0.1,0.6,-,0.2,0.5
202,6.71,Fraser Forster Southampton,34, GK,19,1710,-,-,-,-,-,0.2,-,-,-
203,6.71,Andros Townsend Everton,31, AM(LR),17(4),1459,3,2,1,1.5,1.2,1.9,-,0.9,2.1
204,6.71,Erik Pieters Burnley,34, D(L),8(4),727,-,1,0.6,0.2,0.3,0.4,-,0.2,1.2
205,6.7,Joshua King Watford,30, AM(CLR),27(5),2251,5,3,1.6,1.1,0.9,0.7,0.3,1.3,2.6
206,6.7,Fabian Schär Newcastle,30, D(C),25,2161,2,2,0.8,0.4,0.2,0.4,0.1,0.2,0.5
207,6.7,James Justin Leicester,24, D(CLR),11(2),997,-,-,0.4,0.7,0.4,0.9,0.1,0.8,0.4
208,6.7,Timothy Castagne Leicester,26, D(CLR),22(5),2126,1,-,0.3,0.6,0.2,0.3,-,0.4,1
209,6.7,Craig Dawson West Ham,32, D(CR),30(4),2754,2,2,0.7,0.1,0.1,0.4,-,0.1,0.3
210,6.7,Vicente Guaita Crystal Palace,35, GK,30,2656,-,-,-,-,-,0.1,-,-,-
211,6.7,Moussa Sissoko Watford,33, M(CR),36,3221,2,1,0.7,1,1.4,0.3,0.1,1.5,1.4
212,6.7,João Moutinho Wolves,35, M(C),34(1),2975,2,1,0.6,1.1,0.5,0.4,-,0.6,0.9
213,6.7,Fernandinho Man City,37, D(CR),10(9),960,2,1,0.9,0.5,0.5,0.5,-,0.4,0.3
214,6.7,Anthony Gordon Everton,21, AM(LR),25(10),2285,4,2,1.3,1,1.1,1.8,0.2,1.1,2.1
215,6.7,Leo Hjelde Leeds,19, D(C),0(2),148,-,-,-,0.5,-,-,-,-,1
216,6.69,Vitalii Mykolenko Everton,23, D(CL),12(1),1056,1,-,0.6,0.6,0.2,0.7,-,0.3,0.8
217,6.69,Danny Welbeck Brighton,31, AM(CLR),15(10),1477,6,2,1.7,0.7,0.4,0.5,0.2,0.9,2
218,6.69,Ederson Man City,29, GK,37,3330,-,-,-,-,-,0.1,-,-,-
219,6.69,Maxwel Cornet Burnley,25, D(L),21(5),1778,9,1,1.8,0.6,0.5,0.8,1,1.3,2.3
220,6.68,Ryan Sessegnon Tottenham,22, D(L),13(2),1054,-,2,0.4,0.9,0.4,0.5,0.3,0.8,2.2
221,6.68,Édouard Mendy Chelsea,30, GK,34,3060,-,-,-,-,-,0.1,-,-,0.1
222,6.68,Jordan Ayew Crystal Palace,30, AM(CLR),23(8),2024,3,3,1.1,0.7,1.1,2.1,0.1,2.5,2.7
223,6.67,Arthur Masuaku West Ham,28, D(L),6(7),645,1,1,0.3,0.2,0.8,0.3,-,0.7,0.6
224,6.67,Joachim Andersen Crystal Palace,26, D(C),32(2),2915,-,3,0.2,0.6,0.2,0.2,-,0.2,0.2
225,6.67,Christian Pulisic Chelsea,23, M(CLR),13(9),1286,6,2,1.3,0.7,1.1,1.4,0.2,1.1,2.3
226,6.67,Granit Xhaka Arsenal,29, D(L),27,2331,1,2,1,1.2,0.7,0.7,0.1,0.9,0.9
227,6.66,Kiernan Dewsbury-Hall Leicester,23, M(C),23(5),2106,1,2,0.8,1.3,1.1,1.0,-,1.6,2
228,6.66,Martin Dúbravka Newcastle,33, GK,26,2340,-,-,-,0.1,-,0.2,-,-,-
229,6.66,Angelo Ogbonna West Ham,34, D(C),11,922,1,-,0.3,-,0.1,0.3,-,0.1,0.2
230,6.66,Enock Mwepu Brighton,24, M(CR),12(6),997,2,4,1.1,0.5,0.8,0.8,0.1,0.5,1.4
231,6.66,Michael Olise Crystal Palace,20, AM(CLR),12(14),1138,2,5,0.7,0.9,1.1,1,-,0.8,1.0
232,6.66,Odsonne Édouard Crystal Palace,24, AM(L),18(10),1567,6,3,1.4,0.8,1.1,0.2,0.1,1,2.2
233,6.66,Jadon Sancho Man Utd,22, AM(CLR),20(9),1904,3,3,0.9,1.4,1.6,0.2,0.2,0.9,1.5
234,6.66,Conor Coady Wolves,29, D(CR),38,3364,4,-,0.3,0.1,-,-,0.1,-,0.2
235,6.66,Jack Harrison Leeds,25, AM(CLR),32(3),2652,8,1,1.2,1.2,1.5,0.7,0.1,1.9,2.5
236,6.66,Christian Benteke Crystal Palace,31, FW,11(14),1136,4,1,1.6,0.5,0.4,0.6,0.4,0.7,1.6
237,6.66,Adam Masina Watford,28, D(L),13(2),1077,-,1,0.3,0.5,0.6,0.3,-,0.1,0.7
238,6.66,Chris Wood Burnley,30, FW,17,1378,3,-,1.8,0.5,0.2,0.4,0.9,0.7,2.4
239,6.65,Pablo Marí Arsenal,28, D(C),2,180,-,-,0.5,0.5,-,0.5,-,-,1.0
240,6.65,Ben Johnson West Ham,22, D(LR),16(4),1401,1,-,0.3,0.5,0.4,0.2,-,0.5,1.2
241,6.65,Willy Boly Wolves,31, D(C),10,900,-,-,0.2,0.1,0.3,0.2,0.1,0.3,0.3
242,6.65,Aaron Ramsdale Arsenal,24, GK,34,3060,-,-,-,-,-,0.1,-,-,-
243,6.65,Harry Maguire Man Utd,29, D(C),28(2),2514,1,-,0.8,0.1,0.1,0.6,-,0.2,0.4
244,6.65,Danny Ings Aston Villa,30, AM(C),22(8),1906,7,6,1.6,0.5,0.3,0.4,0.4,0.7,1.7
245,6.64,Juraj Kucka Watford,35, M(CLR),22(4),1924,1,1,1.8,0.4,0.7,1.9,0.1,0.7,1.8
246,6.64,David de Gea Man Utd,31, GK,38,3420,-,-,-,-,-,-,-,-,-
247,6.64,Raúl Jiménez Wolves,31, FW,30(4),2640,6,4,1.7,1.1,1.1,1.4,0.7,1.7,2.9
248,6.64,Jean-Philippe Mateta Crystal Palace,25, FW,13(9),1152,5,1,1.7,0.3,0.5,0.3,0.6,1,1.3
249,6.64,Manuel Lanzini West Ham,29, M(CLR),19(11),1789,5,3,0.5,0.8,0.8,0.6,-,0.5,1
250,6.64,Luke Shaw Man Utd,27, D(CL),19(1),1603,-,3,0.3,2,0.4,0.8,0.2,0.7,0.6
251,6.63,Robert Sánchez Brighton,24, GK,37,3330,-,-,-,0.1,-,0.1,-,-,-
252,6.63,Nemanja Matic Man Utd,34, DMC,16(7),1384,-,4,0.3,0.6,0.7,0.1,-,0.9,0.8
253,6.63,Emiliano Martínez Aston Villa,29, GK,36,3240,-,-,-,-,-,0.2,-,-,-
254,6.63,Illan Meslier Leeds,22, GK,38,3385,-,-,-,-,0.1,0.2,-,-,0.1
255,6.63,Ademola Lookman Leicester,24, AM(CLR),16(10),1459,6,-,1,0.9,1.5,1.3,0.2,2,2.3
256,6.63,Alex McCarthy Southampton,32, GK,17,1530,-,-,-,0.1,-,0.1,-,-,-
257,6.62,Wout Weghorst Burnley,30, FW,17(3),1457,2,3,1.5,0.7,0.7,0.9,0.5,1.5,2
258,6.62,Mohamed Elyounoussi Southampton,28, AM(CLR),23(7),2046,4,2,1.4,0.9,0.9,0.6,-,1.3,2.1
259,6.61,Yerry Mina Everton,27, D(C),11(2),847,-,-,0.5,0.1,-,0.7,0.1,0.1,0.2
260,6.61,Fabian Delph Everton,32, D(L),8(3),666,-,-,0.2,0.4,0.5,0.5,-,-,0.7
261,6.61,Séamus Coleman Everton,33, D(CR),30,2658,1,-,0.3,0.4,1.1,0.6,0.1,0.7,1
262,6.61,Connor Roberts Burnley,26, D(LR),19(2),1693,1,1,0.3,0.6,0.3,1.4,-,0.3,0.5
263,6.61,Dimitris Giannoulis Norwich,26, D(L),14(4),1169,-,1,0.1,0.5,1.6,1.2,-,0.6,1.3
264,6.6,Jordan Pickford Everton,28, GK,35,3150,-,-,-,0.1,-,0.2,-,-,-
265,6.6,Eddie Nketiah Arsenal,23, FW,8(13),825,5,1,1.4,0.6,0.7,0.7,0.2,0.5,1.2
266,6.6,James Milner Liverpool,36, D(LR),9(15),851,-,1,0.4,0.9,0.1,0.6,-,0.2,0.5
267,6.6,Divock Origi Liverpool,27, AM(LR),0(7),127,3,-,1.4,-,0.1,0.1,-,0.4,1.1
268,6.6,Benjamin Mendy Man City,28, D(L),1,79,-,-,-,2,2,-,-,-,1
269,6.6,Diego Llorente Leeds,29, D(C),28,2344,3,-,0.4,0.1,0.3,0.8,-,0.1,0.7
270,6.6,Nathan Redmond Southampton,28, AM(CLR),20(7),1834,1,5,1,1.3,0.8,0.6,0.1,0.6,1
271,6.59,Armando Broja Southampton,20, FW,21(11),1981,6,-,1.4,0.3,1.0,0.8,0.4,1.6,2.1
272,6.59,Matthew Lowton Burnley,33, D(LR),20(5),1772,1,2,0.4,0.7,0.4,0.2,-,0.2,0.5
273,6.59,Solly March Brighton,28, M(CLR),17(14),1739,-,2,0.6,1.1,0.7,0.6,0.4,0.9,0.8
274,6.59,Emil Krafth Newcastle,28, D(CR),18(2),1638,-,1,0.3,0.3,0.1,0.6,-,0.2,0.5
275,6.58,Joe Willock Newcastle,23, M(C),24(5),2047,2,-,1.2,0.6,1.2,0.9,-,0.7,1.9
276,6.58,Ismaïla Sarr Watford,24, AM(CLR),21(1),1865,5,2,1.8,1,1.5,2.1,0.5,1.8,3.2
277,6.58,Alexander Iwobi Everton,26, M(CLR),22(6),2037,2,2,0.9,1.3,1.1,0.2,0.1,1,1.6
278,6.58,Daniel Bachmann Watford,28, GK,12,1080,-,-,-,-,0.1,0.1,-,-,-
279,6.58,Kortney Hause Aston Villa,27, D(CL),4(3),397,1,-,0.3,-,0.4,0.3,0.1,0.1,0.6
280,6.58,Trincão Wolves,22, AM(CR),16(12),1340,2,1,1.1,0.5,1.6,0.8,-,0.6,1.6
281,6.57,Callum Wilson Newcastle,30, FW,16(2),1395,8,-,1.9,0.6,0.6,1.2,0.9,1.5,3.3
282,6.57,Hamza Choudhury Leicester,24, DMC,4(2),287,-,-,0.2,-,0.3,0.8,-,0.3,1.3
283,6.57,Jonjo Shelvey Newcastle,30, M(C),22(2),1986,2,1,1.3,0.7,0.4,0.3,-,0.2,0.8
284,6.57,Oliver Skipp Tottenham,21, DMC,14(4),1349,-,-,0.2,0.4,0.2,0.9,0.1,0.6,0.8
285,6.57,Rodrigo Leeds,31, M(CLR),27(4),2275,6,1,1.5,1.2,0.7,1.0,0.1,0.9,2.4
286,6.57,Nathaniel Clyne Crystal Palace,31, D(LR),15(1),1351,-,1,0.2,0.4,0.3,0.3,-,0.3,0.6
287,6.57,Yan Valery Southampton,23, D(CR),3(2),369,-,-,0.4,0.2,0.2,0.6,-,0.4,0.2
288,6.57,Kalvin Phillips Leeds,26, D(C),18(2),1596,-,1,0.8,0.5,0.4,1.0,-,0.8,1.6
289,6.57,Harvey Elliott Liverpool,19, AM(CR),4(2),346,-,-,1.7,1.5,0.3,1.0,-,-,1.3
290,6.56,Angus Gunn Norwich,26, GK,9,810,-,-,-,-,-,-,-,-,-
291,6.56,Vladimír Coufal West Ham,30, D(R),25(3),2211,-,4,0.4,0.8,0.5,0.5,0.1,0.5,1.1
292,6.56,Joe Gomez Liverpool,25, D(CLR),4(4),331,-,1,0.1,0.4,0.5,0.3,-,0.3,0.6
293,6.56,Alphonse Areola West Ham,29, GK,1,90,-,-,-,-,-,-,-,-,-
294,6.56,Anthony Elanga Man Utd,20, AM(LR),14(7),1217,2,2,1,0.4,0.5,1,0.1,0.7,1.8
295,6.56,Mathias Normann Norwich,26, M(C),20(3),1653,1,2,1.1,0.6,0.7,1.2,-,0.7,1.2
296,6.55,Alex Oxlade Chamberlain Liverpool,29, M(CLR),9(8),787,2,1,1.2,0.6,0.7,0.2,0.1,0.6,0.9
297,6.55,Imrân Louza Watford,23, M(CLR),17(3),1423,-,-,0.9,0.8,0.7,0.7,-,0.5,1
298,6.55,Charlie Goode Brentford,27, D(C),4(2),448,-,-,0.3,1.2,0.8,1.2,-,0.2,0.5
299,6.54,Brandon Williams Norwich,21, D(L),23(3),2123,-,1,0.2,0.8,0.8,1.7,-,0.7,1.5
